t,frame,lapvar,motion_mag,jerk
0.0,0,2273.115703465489,0.0,0.0
0.25,7,1827.3154380108294,0.0003090542367754975,0.0003090542367754975
0.5,15,1540.0275042809558,0.00033417607222071665,3.724496456629732e-05
0.75,22,1343.6066432556017,0.00030075729574234784,9.118299507797521e-05
1.0,30,1140.372738805394,0.0005552744859858947,0.0002701825859567057
1.25,37,1104.6289194181877,0.0005955258137293616,6.044202156208788e-05
1.5,45,1100.9175794751752,0.0004746628605510782,0.00013116512906756386
1.75,52,1071.4074900131334,0.00041820572916910297,0.00011986336461632657
2.0,60,1087.8302227894712,0.0006620533877972155,0.0002438530892972382
2.25,67,933.7649732881187,0.0004586552371846041,0.00020960685339389975
2.5,75,870.7020851496868,0.0007288074540469354,0.0003083645437463768
2.75,82,819.2397370044326,0.0006975226587909894,0.00030440787010688284
3.0,90,848.5571614468801,0.0006830505291676557,2.79835415873234e-05
3.25,97,849.2288305079384,0.0006847052465330565,1.7186938774575683e-05
3.5,105,806.4935949830794,0.0007900944219761921,0.00025805984593215727
3.75,112,889.7159268332168,0.0007446544345680075,0.00012686598602163594
4.0,120,856.8323185946032,0.0009345777315305357,0.000195115589125118
4.25,127,877.6461706925722,0.0009766148333979156,0.00014581653745442707
4.5,135,774.1133164422794,0.0009941186471192193,0.00017264971784060137
4.75,142,872.1521522789449,0.0009534577665084388,4.854288609268874e-05
5.0,150,1608.619176623969,0.0009499790155597885,7.47271520873599e-05
5.25,157,929.1249059471589,0.0009763381093267615,8.803817845559974e-05
5.5,165,923.4300635460395,0.00108675307213961,0.00013737604130108124
5.75,172,781.1424488666373,0.0010552262412943285,9.28765939260996e-05
6.0,180,925.769024394387,0.001078353265754706,0.00020737012528216506
6.25,187,798.2893850901329,0.0007973779468937776,0.0003125119613830458
6.5,195,890.6413166610182,0.0009433234768992207,0.00016748681392273878
6.75,202,759.72615092512,0.0009502679677031296,0.00013472760329893705
7.0,210,932.2365699589482,0.0010980498324974306,0.00015532961639685205
7.25,217,802.0173521567747,0.0010977057965575248,3.441915159303896e-05
7.5,225,898.9316575954856,0.0008413349902681201,0.00026745429824674504
7.75,232,796.9217283934199,0.000895224533346625,0.00030776618044800767
8.0,240,880.3721421680762,0.0009468796098719848,0.00022663014296639574
8.25,247,765.5168338368806,0.0009994741393641612,5.278242650232367e-05
8.5,255,762.1115656680827,0.001141258252734549,0.00017052355184723697
8.75,262,758.7735836224324,0.0009529653995743435,0.00022348674881848376
9.0,270,906.391145599835,0.0010126174665963706,0.0001452754441133928
9.25,277,865.5861341242197,0.0010092198295825942,0.00013612916706027785
9.5,285,867.3311044469757,0.0010269837738808552,1.8683671017194602e-05
9.75,292,764.2210888046335,0.0008797653902765629,0.0001472348343665078
10.0,300,1677.6531249761847,0.000993905441193422,0.00011492571424961039
10.25,307,1028.1943065023459,0.0009968162512706536,0.00011399113443126962
10.5,315,883.075076642321,0.0008703823467652456,0.0001266041769939599
10.75,322,970.156407084384,0.0012043710392397856,0.0003342782449893545
11.0,330,885.0043282769578,0.001142354035780694,0.0001367793105580878
11.25,337,876.8983879216701,0.0011495680521790526,0.00023633951723369426
11.5,345,999.8693335262016,0.001113025084642635,0.0001584010994585031
11.75,352,943.1599820370745,0.0011028388399371854,7.319923828880502e-05
12.0,360,915.150867090557,0.0011327998824576509,0.00011718346215781545
12.25,367,919.5799120249616,0.0010878027909360238,8.440076935698328e-05
12.5,375,1007.8213337725833,0.0011444934348289143,6.149330379318566e-05
12.75,382,816.4190896884236,0.0012111155455238208,0.0001002941258774917
13.0,390,933.1818613590234,0.001109194360910118,0.00018041884053082998
13.25,397,822.467103212854,0.0011249861797847953,0.0002198903685704029
13.5,405,878.0371569861876,0.001077803331460934,0.00016498611895627815
13.75,412,843.7779435327924,0.0011535627067534313,0.00021750959424772582
14.0,420,984.9412279127747,0.0008131234526234528,0.00037470737994061744
14.25,427,840.7373644710403,0.0012094933133957814,0.00040960120089158684
14.5,435,822.7715975908432,0.0006799806832930746,0.0005337512043103055
14.75,442,850.6270142435337,0.0011053338417059216,0.00043074953700844446
15.0,450,1796.6144956398061,0.0006788329354456198,0.0004754019168000075
15.25,457,1100.784113160547,0.0009562253612518868,0.00031992041722795337
15.5,465,966.2809695925848,0.000832092220014361,0.000153146845028397
15.75,472,971.2067201897991,0.0009676502580341103,0.00022697316096831504
16.0,480,980.0892081395943,0.0008801686412995583,8.756306897988635e-05
16.25,487,977.0062933556832,0.0006878297251662876,0.00022433641604532615
16.5,495,1005.3684524363374,0.0005011987005090839,0.00018975655152870204
16.75,502,946.3979179424001,0.0007435510566015564,0.0002642597360669918
17.0,509,930.8723795526813,0.0006806171654476091,6.38295038075613e-05
17.25,517,1076.4833831098874,0.0005726336247390825,0.00013822878188640052
17.5,524,1081.7024443667483,0.0006406169268425287,0.00019926233366754104
17.75,532,974.0289791714296,0.0007245251648397867,0.00024217945763415006
18.0,539,998.3374276619438,0.000878084808270278,0.0001595950606055984
18.25,547,1013.4461685431522,0.0008002788989144542,0.00017091262219118774
18.5,554,1161.7468798396076,0.0008262406667950344,0.0004409753104647906
18.75,562,1100.9732196790076,0.000527967154212879,0.00041313724049075036
19.0,569,895.6249294043391,0.000640782999098771,0.00013580087390537528
19.25,577,837.5068307594183,0.0008554554097801052,0.00021495904469478495
19.5,584,811.8230177576161,0.0008810797620453048,0.00020936434620805853
19.75,592,780.5918966806107,0.0008091733760787176,0.0003032381084076521
20.0,599,787.7823147572568,0.0005996402470431783,0.00027502171105094796
20.25,607,1069.0117283600498,0.0010897879351934457,0.0004951468740066813
20.5,614,878.4346991378387,0.0006909367830812328,0.00040423817134336264
20.75,622,816.3461641354326,0.000789466294540977,0.00025132121941615244
21.0,629,768.1944343071273,0.000817338146537853,0.00013292738514817791
21.25,637,748.6941825644387,0.0007085999002972553,0.00011936224021555979
21.5,644,870.2526615532579,0.0006358974098001615,8.92876095270451e-05
21.75,652,872.399192431833,0.0008409686802863991,0.00020824764233955397
22.0,659,776.7179272649782,0.0008062130778093574,8.122386431455262e-05
22.25,667,774.6674565501286,0.0006659722690282077,0.00017273230390388831
22.5,674,897.6168474978402,0.0008313205506814739,0.00017689858511315984
22.75,682,881.6759081308527,0.0008363194674247134,3.411091785644176e-05
23.0,689,743.0047929410177,0.0007087247030210115,0.00012765914606330166
23.25,697,762.3505000712771,0.0007712439058299649,9.351766768335532e-05
23.5,704,913.6256375192902,0.0008202962370640462,6.116699474855827e-05
23.75,712,918.9009317125523,0.0007208807647299076,0.00010242952446167441
24.0,719,754.1038077921336,0.0007507968050614787,4.307916115732645e-05
24.25,727,784.5212354756532,0.0006414495392302424,0.00016307488177693072
24.5,734,931.1316569547897,0.0005042420729676226,0.0001681690299229525
24.75,742,935.2369429929292,0.0007292353817781419,0.00024092601383422012
25.0,749,882.6464664547426,0.0005384408928788969,0.00021798889982363036
25.25,757,1033.0508103274976,0.0006570205822990124,0.00011975341986702285
25.5,764,914.1663464499887,0.000558695919465557,0.00012256414067582998
25.75,772,883.8976825688601,0.0007714044324951838,0.0002261344594696969
26.0,779,886.940851623939,0.0008465137137762443,0.00011776814922172253
26.25,787,884.9893597883471,0.0007777620593207139,9.442276200828701e-05
26.5,794,996.4237285065076,0.0008814212153112552,0.00010397632955163724
26.75,802,1006.9901049114466,0.0008074230823952034,7.686162260364153e-05
27.0,809,857.260891681463,0.0007431179545066493,7.541662934653411e-05
27.25,817,903.9956088788364,0.000978231726695689,0.0003238437633152227
27.5,824,894.7212846645438,0.0008695612057926667,0.00018221486627272905
27.75,832,910.6478835089057,0.0009957393908093142,0.00023294480217682668
28.0,839,876.0575120419081,0.0008548895612631872,0.0001506805372345592
28.25,847,860.2644787909524,0.0010386706639081676,0.00020107915200708078
28.5,854,976.2961706655984,0.0009662697326167536,7.294407130965668e-05
28.75,862,976.2439287956662,0.001097738929379436,0.00013744412582004145
29.0,869,850.6858122003822,0.0011490120971144701,0.0001131185255763479
29.25,877,856.4904725814553,0.0011618260305670698,0.00016463947474861171
29.5,884,968.863834753607,0.0011528224071218217,0.00010106806359728539
29.75,892,968.2259542678108,0.00123339400367263,0.00017075858715726825
30.0,899,920.7677103334186,0.0011220593039064305,0.00013315247495289243
30.25,907,1020.6027784700107,0.0010916015331864824,0.0001601112678361036
30.5,914,883.5596245973167,0.0011520913302837305,0.00010752103475375909
30.75,922,890.1449791367934,0.0021045500378216358,0.0020290818187767724
31.0,929,712.041317843965,0.011541392074328135,0.009718202496756687
31.25,937,651.7576301556393,0.03485992485937208,0.023353399132652834
31.5,944,690.6211370864597,0.03316761930983954,0.0016990176291590484
31.75,952,687.7867542232856,0.03422950002030453,0.0010647501112141635
32.0,959,778.265696354167,0.028906899465901012,0.005333528095908949
32.25,967,798.2615069875347,0.03091432014484576,0.0020468129452900887
32.5,974,694.2556143828964,0.028290893836803496,0.0026282029318639146
32.75,982,696.257097770449,0.03275022040712441,0.0044694709205294015
33.0,989,791.3793474591007,0.031000924087069597,0.0017538400643660325
33.25,997,679.0938676602639,0.042954723361371454,0.011965979582458515
33.5,1004,664.3085907606253,0.036217918224386025,0.007099841710798297
33.75,1011,669.231720462796,0.04279795428692425,0.006585548385797343
34.0,1019,575.485990544263,0.05722178745627256,0.014532770975486616
34.25,1026,545.7003013882138,0.05988377877963535,0.0026638917662806616
34.5,1034,554.3497670994807,0.06825856618940551,0.008375009811994063
34.75,1041,541.1521786844054,0.05906123311730868,0.009211041437891664
35.0,1049,581.9901752597386,0.05950778043471146,0.0075986374076814234
35.25,1056,722.2579652816288,0.0595255174077352,0.0064101398642608795
35.5,1064,660.0166997039794,0.051821555452373644,0.007794254858443924
35.75,1071,679.9038212225433,0.04527950857354772,0.006676742882975717
36.0,1079,653.8450241099413,0.04708151694015644,0.002463648551688885
36.25,1086,667.7342966092248,0.04186887294716377,0.005214425749253035
36.5,1094,738.6748541745224,0.04744484954858437,0.006717650351781032
36.75,1101,999.7537301053793,0.02012457852392118,0.027487363008827218
37.0,1109,846.6944005418411,0.0016956263248134524,0.021530180267171115
37.25,1116,760.664470453827,0.0035488275912905994,0.002028974574457503
37.5,1124,730.6996016556013,0.009826325435792543,0.00634496842732228
37.75,1131,805.3033753605582,0.017972914891528687,0.027099636158666604
38.0,1139,647.0046294924551,0.05038996666896646,0.03257741718538644
38.25,1146,643.3425267288438,0.050895304377623976,0.0060651851706762655
38.5,1154,649.0663112310191,0.06988032576162856,0.019097555987890036
38.75,1161,826.9550589186287,0.02762803434195049,0.042278101344326274
39.0,1169,687.5004546930239,0.035307480783113764,0.007689907325849126
39.25,1176,732.9659572299726,0.03649364338561633,0.001188444444497908
39.5,1184,720.9765726992989,0.04099156911306454,0.004608300551199639
39.75,1191,728.7114491308943,0.035603859817012966,0.005388312500628577
40.0,1199,723.7216880087263,0.03918494770894012,0.003617410525146714
40.25,1206,1058.6929987728581,0.03181345171544036,0.007445813501540438
40.5,1214,912.9488306708942,0.04119344941766613,0.0094582213501263
40.75,1221,983.2662469155806,0.03610923321744862,0.005093110818702765
41.0,1229,861.4718019867705,0.04059343190773564,0.004494995898135184
41.25,1236,919.0576977092303,0.03669468835598791,0.0038988822796993086
41.5,1244,818.9965198467647,0.050384982022729174,0.013721250090137624
41.75,1251,776.9188169502897,0.041181846786343665,0.009231974816472994
42.0,1259,746.3763267889211,0.04865594939369325,0.007474301941838768
42.25,1266,707.8283564978351,0.04138902389665199,0.007281839254038203
42.5,1274,710.7806931020609,0.04691751992361051,0.005533721058969079
42.75,1281,698.2336600819009,0.04255058024435137,0.004377132464463549
43.0,1289,678.9189428083163,0.04511969781346897,0.002859569630290016
43.25,1296,770.0036207292875,0.04121547781634413,0.004075029841734832
43.5,1304,760.3515422391147,0.04899716011477102,0.007793267998107938
43.75,1311,636.5967401856194,0.03512817046225287,0.01391009612713153
44.0,1319,593.0624446614564,0.040924437845582994,0.005827715294792264
44.25,1326,696.9578895573366,0.02595369043002463,0.014972944616349525
44.5,1334,665.2993951050413,0.03166144593916815,0.005708659682173494
44.75,1341,549.8713392167186,0.03485594256917936,0.0031983890305869664
45.0,1349,598.184412268116,0.03917580382821678,0.004320476070271825
45.25,1356,728.556687850429,0.0329494692489395,0.006243070597657048
45.5,1364,659.065177569144,0.03312677091639762,0.00030572670797632945
45.75,1371,550.2760097564563,0.02126819197018131,0.011867916975503285
46.0,1379,573.2052919320548,0.02106755201169993,0.0002205583734382781
46.25,1386,618.0499303206801,0.002286226840679914,0.02327437345011527
46.5,1394,584.5118676718351,0.002762009627630201,0.004925299394921981
46.75,1401,633.5176504816714,0.014343702134184063,0.011621745735220788
47.0,1409,606.3852648461574,0.02343620029911311,0.009097796273100844
47.25,1416,537.0199289986484,0.01926269401953907,0.004177065402652565
47.5,1424,533.4742756494552,0.0205914336094601,0.0013338894260025577
47.75,1431,573.5050367002935,0.0174931711144238,0.0031047928943568094
48.0,1439,553.5882715889743,0.017386076357032498,0.0003395367693407403
48.25,1446,578.3472884489215,0.016739720286691007,0.0008660907958278851
48.5,1454,620.0325766385714,0.01868530598247704,0.0019466453761115988
48.75,1461,545.777539456504,0.01655398900861057,0.0021336946117005797
49.0,1469,519.1249007540775,0.020572843147365287,0.004019702457090836
49.25,1476,619.6996102808932,0.015243827934138402,0.0053336190573225984
49.5,1484,620.3020427288146,0.01478781067015844,0.0004560729425322533
49.75,1491,544.9472733384362,0.008084928029658475,0.006703282542745878
50.0,1498,554.5965036494022,0.010732650065379452,0.0026489286747036853
50.25,1506,661.1239986101616,0.014712390915694228,0.003985419504145478
50.5,1513,633.0019424231259,0.012834829869977062,0.001879511813854344
50.75,1521,607.3534966324984,0.016668603308640204,0.0038355545300335536
51.0,1528,670.7609609244664,0.013548731863813468,0.00313646403986856
51.25,1536,583.8606123500512,0.012508846932896604,0.001046260237602283
51.5,1543,581.1140856472545,0.010440948516030576,0.0020729401822196106
51.75,1551,648.6437591654842,0.012726778142456421,0.0022978114131292295
52.0,1558,579.2395191540045,0.017240537130489356,0.004579576572135327
52.25,1566,583.2054267889562,0.019731856924726305,0.002494861208328167
52.5,1573,622.9164294891733,0.01738260045097439,0.002355823292489774
52.75,1581,612.0924332220542,0.02022852611644909,0.002893102681918825
53.0,1588,538.7768548006229,0.01704747165842627,0.003186133020476529
53.25,1596,520.3122389533509,0.008322845465212468,0.008835787909700325
53.5,1603,591.0364190911412,0.008818606484421078,0.001055257638231053
53.75,1611,591.923842012761,0.011636805690068428,0.02044702535033941
54.0,1618,633.2146348875281,0.004393053569955632,0.007288641727885065
54.25,1626,520.5593908342163,0.031453783081372894,0.03580870808547238
54.5,1633,617.3706638583126,0.02721166824328231,0.004242284227389045
